"zc","ar","bed","bedd"
"WC1","Bloomsbury","414","605"
"WC2","Covent Garden","559","923"
"EC1","City of London","518","772"
"W1","Central London","639","1,053"
"W2","Paddington","471","692"
"W3","Acton","333","389"
"W4","Chiswick","339","470"
"W5","Ealing","332","404"
"W6","Hammersmith","369","510"
"W8","Kensington","497","1,276"
"W9","Maida Vale","394","611"
"W10","North Kensington","400","560"
"W11","Notting Hill","510","728"
"W12","Shepherd's Bush","345","525"
"W14","West Kensington","403","532"
"NW1","Camden","426","582"
"NW2","Cricklewood","304","423"
"NW3","Hampstead","442","574"
"NW6","Kilburn","373","496"
"NW7","Mill Hill","545","359"
"NW8","St Johns Wood","463","617"
"NW10","Willesden","265","399"
"NW11","Golders Green","323","415"
"SW1","Westminster","499","883"
"SW2","Brixton","296","382"
"SW3","Chelsea","574","915"
"SW4","Clapham","368","457"
"SW5","Earls Court","427","706"
"SW6","Fulham","364","475"
"SW7","South Kensington","511","974"
"SW8","South Lambeth","374","578"
"SW10","West Brompton","508","710"
"SW11","Battersea","357","468"
"SW12","Balham","332","447"
"SW15","Putney","345","405"
"SW16","Streatham","266","352"
"SW17","Tooting","320","383"
"SW18","Wandsworth","333","438"
"SW19","Wimbledon","298","404"
"SW20","West Wimbledon","283","437"
"N1","Islington","399","557"
"N3","Finchley","342","414"
"N5","Highbury","395","517"
"N6","Highgate","312","481"
"N7","Holloway","373","520"
"N8","Hornsey","331","397"
"N10","Muswell Hill","320","419"
"N11","New Southgate","","417"
"E1","Wapping","435","742"
"E2","Bethnal Green","391","533"
"E14","Poplar","392","564"
"E15","Stratford","288","397"
"E16","Canning Town","299","387"
"SE1","Bermondsey","414","597"
"SE3","Blackheath","269","372"
"SE10","Greenwich","339","426"
"SE15","Peckham","298","341"
"SE16","Rotherhithe","354","426"
"BR3","Beckenham","247","324"
"HA1","Harrow","298","380"
"HA5","Pinner","242","341"
"KT1","Kington On Thames","303","399"
"KT2","Kington On Thames","306","377"
"TW8","Brentford","337","482"
